person_code,dr_cnt,person_name,person_pic_url,path_mean,link_cnt,person_en
180407,4,이지우,http://img1.daumcdn.net/thumb/C216x216/?fname=http%3A%2F%2Fcfile108.uf.daum.net%2Fimage%2F0105370248E9F1210D5884,2.05894384529565,162,haeaib
33224,4,한민관,http://img1.daumcdn.net/thumb/C216x216/?fname=http%3A%2F%2Fcfile66.uf.daum.net%2Fimage%2F27127C4C55E7FAE320E6C1,2.05652658981034,155,eccdd
93390,3,김동영,http://img1.daumcdn.net/thumb/C216x216/?fname=http%3A%2F%2Fcfile67.uf.daum.net%2Fimage%2F2625B7445719DC341A8211,2.21067311268129,84,ajddj
18180,3,왕희지,http://img1.daumcdn.net/thumb/C216x216/?fname=http%3A%2F%2Fcfile170.uf.daum.net%2Fimage%2F03215442514A6AF41CAC78,2.28133134994422,55,aibib
39723,11,최승일,http://img1.daumcdn.net/thumb/C216x216/?fname=http%3A%2F%2Fcfile70.uf.daum.net%2Fimage%2F263A003F589425B91D8086,1.93473410189662,444,dchjd
506283,4,최수인,http://img1.daumcdn.net/thumb/C216x216/?fname=http%3A%2F%2Fcfile66.uf.daum.net%2Fimage%2F205CB1023E95F217F45399,2.1273707698029,92,dicgaf
513783,3,이형석,http://img1.daumcdn.net/thumb/C216x216/?fname=http%3A%2F%2Fcfile167.uf.daum.net%2Fimage%2F2301564A584FA87C2CED84,2.10803272592042,131,dihdbf
65198,1,윤진희,http://img1.daumcdn.net/thumb/C216x216/?fname=http%3A%2F%2Fcfile170.uf.daum.net%2Fimage%2F24270C48579830C714D702,2.43919672740796,43,ijbfg
18662,4,김유리,http://img1.daumcdn.net/thumb/C216x216/?fname=http%3A%2F%2Fcfile167.uf.daum.net%2Fimage%2F19065C444EB09F182A0065,2.2182967645965,71,cggib
19409,3,신이,http://img1.daumcdn.net/thumb/C216x216/?fname=http%3A%2F%2Fcfile166.uf.daum.net%2Fimage%2F262BD24C5614B800233176,2.17199702491633,64,jaejb
18810,8,정유석,http://img1.daumcdn.net/thumb/C216x216/?fname=http%3A%2F%2Ft1.daumcdn.net%2Fcontentshub%2Fsdb%2F747c787250703c3d55a933cd20eb1da6572539fc7115b1364dec3fd037150230,2.10375604313871,129,abiib
30652,8,김혜정,http://img1.daumcdn.net/thumb/C216x216/?fname=http%3A%2F%2Fcfile189.uf.daum.net%2Fimage%2F14028F1049A373D9550A83,2.00557828188918,260,cfgad
24689,14,송창의,http://img1.daumcdn.net/thumb/C216x216/?fname=http%3A%2F%2Fcfile49.uf.daum.net%2Fimage%2F0125510148E0AF9F1A26B5,1.97080699144663,348,jigec
795747,1,이승훈,http://img1.daumcdn.net/thumb/C216x216/?fname=http%3A%2F%2Fm1.daumcdn.net%2Fimg-contents%2Fmovie%2Fv2%2Fmobile%2Fm640%2Fimg_default_300x300_150722.png,2.51673484566753,17,hehfjh
1809778,1,이문수,http://img1.daumcdn.net/thumb/C216x216/?fname=https%3A%2F%2Fsearch1.daumcdn.net%2Fcontent%2Fsdb%2F562DA9AC033E590001,2.47173670509483,22,ihhjaib
211907,1,수현,http://img1.daumcdn.net/thumb/C216x216/?fname=http%3A%2F%2Ft1.daumcdn.net%2Fcontentshub%2Fsdb%2F08a1626a864722b17057b9f24f1983baaeb480c28410907404fb599b81bb2de1,2.39457047229453,33,hajbbc
100147,9,김수현,http://img1.daumcdn.net/thumb/C216x216/?fname=http%3A%2F%2Fcfile189.uf.daum.net%2Fimage%2F152E570C49913F0F165E0A,1.98400892525102,338,hebaab
18581,13,유오성,http://img1.daumcdn.net/thumb/C216x216/?fname=http%3A%2F%2Fcfile189.uf.daum.net%2Fimage%2F151CF31649A3748593D216,1.98196355522499,301,bifib
18569,17,김민종,http://img1.daumcdn.net/thumb/C216x216/?fname=http%3A%2F%2Fcfile189.uf.daum.net%2Fimage%2F1211590B49B877A7203374,1.93287467460022,457,jgfib
23240,3,하얀,http://img1.daumcdn.net/thumb/C216x216/?fname=http%3A%2F%2Fcfile68.uf.daum.net%2Fimage%2F1446114B4EB3864638F009,2.27240609892153,51,aecdc
25999,7,윤아,http://img1.daumcdn.net/thumb/C216x216/?fname=http%3A%2F%2Fcfile123.uf.daum.net%2Fimage%2F0263500148E3103B0E0F13,2.06303458534771,143,jjjfc
1296782,6,이미지,http://img1.daumcdn.net/thumb/C216x216/?fname=http%3A%2F%2Fcfile169.uf.daum.net%2Fimage%2F180D38355091BBBE37D91D,2.05875790256601,173,cihgjcb
520444,4,정민결,http://img1.daumcdn.net/thumb/C216x216/?fname=http%3A%2F%2Fcfile168.uf.daum.net%2Fimage%2F24371A3F58742EB418089A,2.13425065079955,119,eeeacf
505946,1,조현영,http://img1.daumcdn.net/thumb/C216x216/?fname=https%3A%2F%2Fsearch1.daumcdn.net%2Fcontent%2Fsdb%2F55C47685060B4C0001,2.56024544440312,24,gejfaf
1275101,5,김아현,http://img1.daumcdn.net/thumb/C216x216/?fname=http%3A%2F%2Fcfile169.uf.daum.net%2Fimage%2F211C9F3457F753EC096563,2.13406470806991,103,babfhcb
243507,2,장예슬,http://img1.daumcdn.net/thumb/C216x216/?fname=http%3A%2F%2Fcfile168.uf.daum.net%2Fimage%2F2221743756A7026328C6CA,2.16307177389364,83,hafdec
1684975,2,이루리,http://img1.daumcdn.net/thumb/C216x216/?fname=http%3A%2F%2Fcfile167.uf.daum.net%2Fimage%2F214A8A3855E40EB821DCA4,2.24414280401636,50,fhjeigb
690465,1,백혜경,http://img1.daumcdn.net/thumb/C216x216/?fname=http%3A%2F%2Fcfile69.uf.daum.net%2Fimage%2F1532694B4FACD1092D87A2,2.58553365563406,35,fgeajg
545060,5,백수련,http://img1.daumcdn.net/thumb/C216x216/?fname=http%3A%2F%2Fcfile29.uf.daum.net%2Fimage%2F210DAA36543E2099053057,2.08293045741911,152,agafef
905988,1,백성흠,http://img1.daumcdn.net/thumb/C216x216/?fname=http%3A%2F%2Fcfile129.uf.daum.net%2Fimage%2F1207DD3A4D50A3792C1AAF,2.20323540349572,66,iijfaj
29439,17,김서라,http://img1.daumcdn.net/thumb/C216x216/?fname=http%3A%2F%2Fcfile68.uf.daum.net%2Fimage%2F272EBA4F5652D28F1E62CB,1.94031238378579,437,jdejc
69162,14,정윤석,http://img1.daumcdn.net/thumb/C216x216/?fname=http%3A%2F%2Ft1.daumcdn.net%2Fcontentshub%2Fsdb%2F80d1be744158cad6c840e38fe617c8c1001e9a51d01f22af2c8a0fe57afe20c8,1.93008553365563,473,cgbjg
63481,18,안용준,http://img1.daumcdn.net/thumb/C216x216/?fname=http%3A%2F%2Fcfile167.uf.daum.net%2Fimage%2F2309113455DD3BAE37B159,1.96299739680179,357,biedg
1477521,2,수웅,http://img1.daumcdn.net/thumb/C216x216/?fname=https%3A%2F%2Fsearch1.daumcdn.net%2Fcontent%2Fsdb%2F55FF92680228950002,2.3683525474154,42,bcfhheb
25858,30,김광규,http://img1.daumcdn.net/thumb/C216x216/?fname=http%3A%2F%2Fcfile167.uf.daum.net%2Fimage%2F234332355629CE9D05FEDF,1.87374488657493,734,ififc
187627,5,김광식,http://img1.daumcdn.net/thumb/C216x216/?fname=http%3A%2F%2Fcfile169.uf.daum.net%2Fimage%2F224AF634569318843CD423,2.07047229453328,150,hcghib
17844,15,조여정,http://img1.daumcdn.net/thumb/C216x216/?fname=http%3A%2F%2Fcfile70.uf.daum.net%2Fimage%2F243EF537AA9E65C918C2C5,1.97136481963555,345,eeihb
66916,3,박종관,http://img1.daumcdn.net/thumb/C216x216/?fname=http%3A%2F%2Fcfile68.uf.daum.net%2Fimage%2F134B9F3B4EEAC95C0570AE,2.16325771662328,108,gbjgg
26171,2,이수나,http://img1.daumcdn.net/thumb/C216x216/?fname=http%3A%2F%2Fcfile167.uf.daum.net%2Fimage%2F2525C1455629E79D1935BD,2.39382670137598,30,bhbgc
185848,20,윤봉길,http://img1.daumcdn.net/thumb/C216x216/?fname=http%3A%2F%2Fcfile69.uf.daum.net%2Fimage%2F2179723355DC26E01BC943,1.91706954258089,539,ieifib
72204,13,이상엽,http://img1.daumcdn.net/thumb/C216x216/?fname=http%3A%2F%2Fcfile89.uf.daum.net%2Fimage%2F1858E31D49CAD4AD0EE35B,1.9654146522871,344,eacch
545354,2,배제기,http://img1.daumcdn.net/thumb/C216x216/?fname=http%3A%2F%2Fcfile28.uf.daum.net%2Fimage%2F1113FE454FB2F4E201156D,2.1941242097434,55,efdfef
69324,2,문영동,http://img1.daumcdn.net/thumb/C216x216/?fname=http%3A%2F%2Fcfile129.uf.daum.net%2Fimage%2F135BD00C49F54FF077FD49,2.28560803272592,62,ecdjg
18567,25,왕빛나,http://img1.daumcdn.net/thumb/C216x216/?fname=http%3A%2F%2Fcfile68.uf.daum.net%2Fimage%2F26502D3456CA73C72783F2,1.92041651171439,492,hgfib
18833,6,채민서,http://img1.daumcdn.net/thumb/C216x216/?fname=http%3A%2F%2Fcfile67.uf.daum.net%2Fimage%2F2321C75054081DD030C3AF,2.11119375232428,138,ddiib
70667,1,안형일,http://img1.daumcdn.net/thumb/C216x216/?fname=http%3A%2F%2Fcfile149.uf.daum.net%2Fimage%2F013A3802488AA51A13C6A7,2.46058014131647,28,hggah
919267,4,서혜진,http://img1.daumcdn.net/thumb/C216x216/?fname=http%3A%2F%2Fcfile66.uf.daum.net%2Fimage%2F2548203C55DD7076329D44,2.13908516177017,95,hgcjbj
72983,2,정경훈,http://img1.daumcdn.net/thumb/C216x216/?fname=http%3A%2F%2Fcfile67.uf.daum.net%2Fimage%2F2729253B55F7CBE2370E69,2.27333581256973,46,dijch
18672,7,김정민,http://img1.daumcdn.net/thumb/C216x216/?fname=http%3A%2F%2Fcfile114.uf.daum.net%2Fimage%2F010FE103ABD30AA3D0C8F8,2.06136110078096,174,chgib
97507,1,안유진,http://img1.daumcdn.net/thumb/C216x216/?fname=http%3A%2F%2Fcfile166.uf.daum.net%2Fimage%2F2234585055F64D82048CA2,2.56563778356266,12,hafhj
1102187,1,백인권,http://img1.daumcdn.net/thumb/C216x216/?fname=http%3A%2F%2Fcfile67.uf.daum.net%2Fimage%2F253ED94F56A9CD84166CD5,2.34845667534399,34,hibcabb
1810315,1,정채연,http://img1.daumcdn.net/thumb/C216x216/?fname=https%3A%2F%2Fsearch1.daumcdn.net%2Fcontent%2Fsdb%2F57BE9BD20258ED0001,2.66641874302715,21,fbdabib
916391,4,김기리,http://img1.daumcdn.net/thumb/C216x216/?fname=http%3A%2F%2Fcfile27.uf.daum.net%2Fimage%2F1845965051665CE8204B42,2.1316474525846,118,bjdgbj
22141,1,김송희,http://img1.daumcdn.net/thumb/C216x216/?fname=http%3A%2F%2Fcfile23.uf.daum.net%2Fimage%2F0141D80248E432C60383DC,2.53346969133507,18,bebcc
19491,11,김명민,http://img1.daumcdn.net/thumb/C216x216/?fname=http%3A%2F%2Fcfile89.uf.daum.net%2Fimage%2F141CB41649A3743BA95B3E,1.98196355522499,318,bjejb
24684,1,강인,http://img1.daumcdn.net/thumb/C216x216/?fname=http%3A%2F%2Fcfile89.uf.daum.net%2Fimage%2F12559610498BA023652B5B,2.74656005950167,13,eigec
1393268,3,김희찬,http://img1.daumcdn.net/thumb/C216x216/?fname=https%3A%2F%2Ft1.daumcdn.net%2Fmovie%2F8ab288e5f8a63b02670d72e21bffcf3645b90e1b,2.15805132019338,123,igcdjdb
1472537,2,김다예,http://img1.daumcdn.net/thumb/C216x216/?fname=http%3A%2F%2Fcfile130.uf.daum.net%2Fimage%2F2370693F51FAFE020E150B,2.35831164001488,36,hdfcheb
32898,12,정경호,http://img1.daumcdn.net/thumb/C216x216/?fname=http%3A%2F%2Fcfile170.uf.daum.net%2Fimage%2F233DA93955DFB5331F5383,1.98921532168092,274,ijicd
70109,1,지하건,http://img1.daumcdn.net/thumb/C216x216/?fname=http%3A%2F%2Fcfile167.uf.daum.net%2Fimage%2F2763E53E566622BC1A3F9B,2.56861286723689,17,jabah
924300,5,이문정,http://img1.daumcdn.net/thumb/C216x216/?fname=http%3A%2F%2Fcfile28.uf.daum.net%2Fimage%2F230C203F534F82E10B5674,2.06824098177761,157,aadecj
78339,1,코난 오브라이언,http://img1.daumcdn.net/thumb/C216x216/?fname=http%3A%2F%2Fcfile167.uf.daum.net%2Fimage%2F2477974456BD77970EE86C,2.46634436593529,33,jddih
542061,3,신보라,http://img1.daumcdn.net/thumb/C216x216/?fname=http%3A%2F%2Fcfile70.uf.daum.net%2Fimage%2F274AF037AA9BC1E51F1937,2.25976199330606,66,bgacef
370420,3,김태호,http://img1.daumcdn.net/thumb/C216x216/?fname=http%3A%2F%2Fcfile170.uf.daum.net%2Fimage%2F155CB1023E911977E2B9D8,2.28876905912979,53,aceahd
492443,7,윤송아,http://img1.daumcdn.net/thumb/C216x216/?fname=http%3A%2F%2Fcfile170.uf.daum.net%2Fimage%2F2118A34F58AD4A6F207C3F,2.05559687616214,173,deecje
18169,15,임주환,http://img1.daumcdn.net/thumb/C216x216/?fname=http%3A%2F%2Ft1.daumcdn.net%2Fcontentshub%2Fsdb%2F742faa618d5e1d2801f8c1d90497a0b7aa7b851837d80c7986178d09c894d493,1.98940126441056,289,jgbib
33280,4,박혜영,http://img1.daumcdn.net/thumb/C216x216/?fname=http%3A%2F%2Fcfile189.uf.daum.net%2Fimage%2F13353F02498A849505EFF0,2.22275939010785,65,aicdd
1146981,3,김서정,http://img1.daumcdn.net/thumb/C216x216/?fname=http%3A%2F%2Fcfile130.uf.daum.net%2Fimage%2F144C0D384EC1C5613277C0,2.16920788397174,88,bijgebb
25828,2,유설아,http://img1.daumcdn.net/thumb/C216x216/?fname=http%3A%2F%2Fcfile84.uf.daum.net%2Fimage%2F0154DC0248E33AE60835BF,2.51450353291186,24,icifc
732709,1,최왕순,http://img1.daumcdn.net/thumb/C216x216/?fname=http%3A%2F%2Fcfile130.uf.daum.net%2Fimage%2F156BF203494F24A40CEB1D,2.18650055782819,92,jahcdh
19532,12,임동진,http://img1.daumcdn.net/thumb/C216x216/?fname=http%3A%2F%2Fcfile168.uf.daum.net%2Fimage%2F21315E37568F00050E3D92,2.01022685013016,260,cdfjb
841321,1,리처드장,http://img1.daumcdn.net/thumb/C216x216/?fname=http%3A%2F%2Fcfile27.uf.daum.net%2Fimage%2F12059A284A25C7DB2B7BB2,2.50446262551134,40,bcdbei
18554,8,강기화,http://img1.daumcdn.net/thumb/C216x216/?fname=http%3A%2F%2Fcfile67.uf.daum.net%2Fimage%2F25142B4A569C7E221EF233,2.00409074005206,254,effib
19379,9,김사랑,http://img1.daumcdn.net/thumb/C216x216/?fname=http%3A%2F%2Fcfile89.uf.daum.net%2Fimage%2F1256A40C49926A661AD27F,2.04332465600595,204,jhdjb
1707512,4,최지원,http://img1.daumcdn.net/thumb/C216x216/?fname=http%3A%2F%2Ft1.daumcdn.net%2Fmovie%2Fbb45b42af2099c1998aec4cad692bdccae1e844b,2.1680922275939,81,cbfhahb
699418,5,유상재,http://img1.daumcdn.net/thumb/C216x216/?fname=http%3A%2F%2Ft1.daumcdn.net%2Fcontentshub%2Fsdb%2Feb90d080d54fddc7a62923738bef2bd0f073185f83760e3f0264de9442d0e3de,2.0355150613611,213,ibejjg
17732,1,김장훈,http://img1.daumcdn.net/thumb/C216x216/?fname=http%3A%2F%2Fcfile170.uf.daum.net%2Fimage%2F261E144255F9112D2C2441,2.18724432874675,73,cdhhb
31769,2,한희,http://img1.daumcdn.net/thumb/C216x216/?fname=http%3A%2F%2Fcfile126.uf.daum.net%2Fimage%2F15288608493E11A710B800,2.26961695797694,54,jghbd
19362,13,명세빈,http://img1.daumcdn.net/thumb/C216x216/?fname=http%3A%2F%2Fcfile66.uf.daum.net%2Fimage%2F217FDE3456960B9F0459B6,2.02417255485311,198,cgdjb
31346,1,유상철,http://img1.daumcdn.net/thumb/C216x216/?fname=http%3A%2F%2Fcfile168.uf.daum.net%2Fimage%2F2603CB3B5950B09E1B83E3,2.35329118631462,37,gedbd
2077107,1,이도겸,http://img1.daumcdn.net/thumb/C216x216/?fname=https%3A%2F%2Fsearch1.daumcdn.net%2Fcontent%2Fsdb%2F5844FB170273D60001,2.43994049832652,37,habhhac
86087,6,강은탁,http://img1.daumcdn.net/thumb/C216x216/?fname=http%3A%2F%2Fcfile78.uf.daum.net%2Fimage%2F013FC00148E1926A0C465B,2.07642246188174,170,hiagi
857178,10,신기준,http://img1.daumcdn.net/thumb/C216x216/?fname=http%3A%2F%2Fcfile3.uf.daum.net%2Fimage%2F026C4A0148FD392174E5A0,1.97768687244329,305,ihbhfi
843379,7,박성근,http://img1.daumcdn.net/thumb/C216x216/?fname=http%3A%2F%2Fcfile67.uf.daum.net%2Fimage%2F246F1F4E5695DDBF3A5E24,2.07493492004463,153,jhddei
58803,1,허경영,http://img1.daumcdn.net/thumb/C216x216/?fname=http%3A%2F%2Fcfile126.uf.daum.net%2Fimage%2F26609D475279D339353611,2.29583488285608,60,daiif
17127,4,유세윤,http://img1.daumcdn.net/thumb/C216x216/?fname=http%3A%2F%2Ft1.daumcdn.net%2Fcontentshub%2Fsdb%2F5174059ab41939ab0a2cc7173ee72b6bc6c58191bf0efc33e0ce476dac35070f,2.37857939754556,60,hcbhb
884973,1,유소영,http://img1.daumcdn.net/thumb/C216x216/?fname=http%3A%2F%2Fcfile161.uf.daum.net%2Fimage%2F0255E40148FD428302B029,2.5658237262923,14,dhjeii
1410548,1,김재흥,http://img1.daumcdn.net/thumb/C216x216/?fname=http%3A%2F%2Fcfile168.uf.daum.net%2Fimage%2F2327A23558BCEAD6263FED,2.32800297508367,48,iefabeb
261593,6,김규선,http://img1.daumcdn.net/thumb/C216x216/?fname=http%3A%2F%2Ft1.daumcdn.net%2Fcontentshub%2Fsdb%2F349c39ffc9f2f7be82cc5d8dcc856df5b0a6f85d46d200b295e7353c998f7859,2.04109334325028,189,djfbgc
167967,1,차지연,http://img1.daumcdn.net/thumb/C216x216/?fname=http%3A%2F%2Fcfile29.uf.daum.net%2Fimage%2F163658534E432F082E5018,2.3726292301971,26,hgjhgb
1093001,1,박광선,http://img1.daumcdn.net/thumb/C216x216/?fname=http%3A%2F%2Fcfile129.uf.daum.net%2Fimage%2F2624C54754A397F5335420,2.51171439196727,36,baadjab
1721795,3,박민수,http://img1.daumcdn.net/thumb/C216x216/?fname=https%3A%2F%2Ft1.daumcdn.net%2Fmovie%2F372cff23098878d16126ce082e8905d1beb132a8,2.26626998884344,69,fjhbchb
22334,1,김태원,http://img1.daumcdn.net/thumb/C216x216/?fname=http%3A%2F%2Fcfile27.uf.daum.net%2Fimage%2F1364BA3E5035B7FF1FA9CD,2.42841204908888,48,eddcc
1245100,2,진운성,http://img1.daumcdn.net/thumb/C216x216/?fname=http%3A%2F%2Fm1.daumcdn.net%2Fimg-contents%2Fmovie%2Fv2%2Fmobile%2Fm640%2Fimg_default_300x300_150722.png,2.17534399404983,107,aabfecb
18449,3,전진,http://img1.daumcdn.net/thumb/C216x216/?fname=http%3A%2F%2Fcfile89.uf.daum.net%2Fimage%2F15074301499228AE2A51CB,2.20621048716995,81,jeeib
17956,1,이효정,http://img1.daumcdn.net/thumb/C216x216/?fname=http%3A%2F%2Fcfile16.uf.daum.net%2Fimage%2F030FE103ABD2DA8F595AAD,2.5762365191521,13,gfjhb
29739,3,이은미,http://img1.daumcdn.net/thumb/C216x216/?fname=http%3A%2F%2Fcfile170.uf.daum.net%2Fimage%2F2557603D52AEB3A02D46EF,2.09074005206396,123,jdhjc
940593,3,박유승,http://img1.daumcdn.net/thumb/C216x216/?fname=http%3A%2F%2Fcfile28.uf.daum.net%2Fimage%2F145F77404E1E7AD03673B3,2.1230940870212,137,djfaej
230607,2,공기탁,http://img1.daumcdn.net/thumb/C216x216/?fname=http%3A%2F%2Fcfile117.uf.daum.net%2Fimage%2F11206605491A5DCDB4C477,2.22722201561919,57,hagadc
900725,4,이창주,http://img1.daumcdn.net/thumb/C216x216/?fname=http%3A%2F%2Fcfile169.uf.daum.net%2Fimage%2F01566B0148E31A851C1E7E,2.0918557084418,135,fchaaj
17770,6,손지창,http://img1.daumcdn.net/thumb/C216x216/?fname=http%3A%2F%2Fcfile130.uf.daum.net%2Fimage%2F157AF40A49791DB3083ACA,2.11825957605058,133,ahhhb
509844,1,이혜정,http://img1.daumcdn.net/thumb/C216x216/?fname=http%3A%2F%2Fcfile69.uf.daum.net%2Fimage%2F2216554D566137A11DB27B,2.37448865749349,32,eeijaf
21810,16,채정안,http://img1.daumcdn.net/thumb/C216x216/?fname=http%3A%2F%2Fcfile89.uf.daum.net%2Fimage%2F1137661349939ECC67FF20,1.95462997396802,376,abibc
1800380,1,윤산하,http://img1.daumcdn.net/thumb/C216x216/?fname=https%3A%2F%2Fsearch1.daumcdn.net%2Fcontent%2Fsdb%2F55D2C2960375FA0001,2.74191149126069,21,aidaaib
18289,9,이준기,http://img1.daumcdn.net/thumb/C216x216/?fname=http%3A%2F%2Fcfile189.uf.daum.net%2Fimage%2F142F811B4999215F209515,2.00725176645593,234,jicib
19464,4,정찬우,http://img1.daumcdn.net/thumb/C216x216/?fname=http%3A%2F%2Fimg.search.daum-img.net%2Ftvppthumb%2F0606_refil02.gif,2.16009669021941,98,egejb
22250,2,유상무,http://img1.daumcdn.net/thumb/C216x216/?fname=http%3A%2F%2Fcfile169.uf.daum.net%2Fimage%2F240A644E55BB23602D3E7B,2.39661584232057,37,afccc
532843,6,김우빈,http://img1.daumcdn.net/thumb/C216x216/?fname=http%3A%2F%2Fcfile30.uf.daum.net%2Fimage%2F13627B534D67380F2EEF3A,2.08460394198587,163,deicdf
22544,1,가희,http://img1.daumcdn.net/thumb/C216x216/?fname=http%3A%2F%2Fcfile129.uf.daum.net%2Fimage%2F18361D4A4F20E11A1C71DB,2.56415024172555,30,eefcc
43593,51,이한위,http://img1.daumcdn.net/thumb/C216x216/?fname=http%3A%2F%2Fcfile167.uf.daum.net%2Fimage%2F255D114F5950BDAD15BFBE,1.80029750836742,1103,djfde
18113,8,하다솜,http://img1.daumcdn.net/thumb/C216x216/?fname=http%3A%2F%2Fcfile69.uf.daum.net%2Fimage%2F165CB1023E37E6F3D6B1FE,2.01952398661212,263,dbbib
18226,11,서현석,http://img1.daumcdn.net/thumb/C216x216/?fname=http%3A%2F%2Fcfile70.uf.daum.net%2Fimage%2F2212183D56569B3C362353,1.98549646708814,321,gccib
18907,11,정혜영,http://img1.daumcdn.net/thumb/C216x216/?fname=http%3A%2F%2Fcfile66.uf.daum.net%2Fimage%2F25730F3A55EE4F5B2C78CC,2.02324284120491,226,hajib
135167,3,노준혁,http://img1.daumcdn.net/thumb/C216x216/?fname=http%3A%2F%2Fcfile27.uf.daum.net%2Fimage%2F177350294AD6CC548D8522,2.09929341762737,112,hgbfdb
1716672,1,한울,http://img1.daumcdn.net/thumb/C216x216/?fname=http%3A%2F%2Fcfile66.uf.daum.net%2Fimage%2F222B293A57E869B13076F6,2.42952770546672,26,chggbhb
20276,7,김희철,http://img1.daumcdn.net/thumb/C216x216/?fname=http%3A%2F%2Fcfile89.uf.daum.net%2Fimage%2F1766351A49D32080A7836C,2.04481219784306,169,ghcac
472303,3,하민희,http://img1.daumcdn.net/thumb/C216x216/?fname=http%3A%2F%2Ft1.daumcdn.net%2Fcontentshub%2Fsdb%2Fddc4484e9dbfd8d01ba30a00fcc7d837fdd7736da6b85be224ac10bdcca4ce4f,2.20230568984753,88,dadche
493064,3,엄태구,http://img1.daumcdn.net/thumb/C216x216/?fname=http%3A%2F%2Fcfile25.uf.daum.net%2Fimage%2F0220C00148FC1B2E07B13A,2.12681294161398,112,egadje
254347,12,이자민,http://img1.daumcdn.net/thumb/C216x216/?fname=http%3A%2F%2Fcfile169.uf.daum.net%2Fimage%2F2139B835570F16C52FFA52,1.9687616214206,360,hedefc
19490,5,김승현,http://img1.daumcdn.net/thumb/C216x216/?fname=http%3A%2F%2Fcfile66.uf.daum.net%2Fimage%2F272E614B5954938310FF4C,2.12365191521012,113,ajejb
23173,4,손광업,http://img1.daumcdn.net/thumb/C216x216/?fname=http%3A%2F%2Fcfile160.uf.daum.net%2Fimage%2F031BF10148E4B408393559,2.11491260691707,125,dhbdc
42583,3,박나래,http://img1.daumcdn.net/thumb/C216x216/?fname=http%3A%2F%2Fcfile166.uf.daum.net%2Fimage%2F2545094555C99814305FEC,2.35663815544812,73,difce
25489,1,백정림,http://img1.daumcdn.net/thumb/C216x216/?fname=http%3A%2F%2Fcfile128.uf.daum.net%2Fimage%2F1101F30749470A1403856B,2.51357381926367,16,jiefc
33010,1,백찬기,http://img1.daumcdn.net/thumb/C216x216/?fname=http%3A%2F%2Fcfile70.uf.daum.net%2Fimage%2F030FE103ABD277E76616FB,2.59761993306062,10,abadd
1777661,1,강서연,http://img1.daumcdn.net/thumb/C216x216/?fname=https%3A%2F%2Ft1.daumcdn.net%2Fmovie%2Fd471e17891f3e3a860889e68d37a4a842335c4d0,2.43510598735589,28,bgghhhb
23378,15,소지섭,http://img1.daumcdn.net/thumb/C216x216/?fname=http%3A%2F%2Fcfile130.uf.daum.net%2Fimage%2F133F5B03497920072BE79A,1.9938638899219,291,ihddc
1394074,1,미즈타 코우키,http://img1.daumcdn.net/thumb/C216x216/?fname=http%3A%2F%2Fcfile26.uf.daum.net%2Fimage%2F186ABF4B50DA63431BDC45,2.54053551506136,18,ehaejdb
21783,17,조동혁,http://img1.daumcdn.net/thumb/C216x216/?fname=http%3A%2F%2Fimg.search.daum-img.net%2Ftvppthumb%2F368.gif,1.95518780215694,386,dihbc
688400,6,조우리,http://img1.daumcdn.net/thumb/C216x216/?fname=http%3A%2F%2Fcfile167.uf.daum.net%2Fimage%2F2268394A5833973333C24E,2.09018222387505,142,aaeiig
19498,10,최자혜,http://img1.daumcdn.net/thumb/C216x216/?fname=http%3A%2F%2Fcfile167.uf.daum.net%2Fimage%2F241A944458EC8DD615C94C,1.98921532168092,283,ijejb
25822,10,강인덕,http://img1.daumcdn.net/thumb/C216x216/?fname=http%3A%2F%2Ft1.daumcdn.net%2Fcontentshub%2Fsdb%2Fe809fee0bdbe49b00e7fdc8262f292290aa689eea40d344c75e494f2a4d24342,2.00780959464485,259,ccifc
33575,1,강원,http://img1.daumcdn.net/thumb/C216x216/?fname=http%3A%2F%2Fcfile30.uf.daum.net%2Fimage%2F187E971F4CE48BDA47A87D,2.32037932316846,42,fhfdd
64484,3,정승우,http://img1.daumcdn.net/thumb/C216x216/?fname=http%3A%2F%2Fcfile126.uf.daum.net%2Fimage%2F2054150C4A0A514E6263FE,2.18705838601711,63,eieeg
1792924,3,이명훈,http://img1.daumcdn.net/thumb/C216x216/?fname=http%3A%2F%2Fcfile128.uf.daum.net%2Fimage%2F210D943F53152A9B379D83,2.27426552621792,63,ecjcjhb
34671,2,박영록,http://img1.daumcdn.net/thumb/C216x216/?fname=http%3A%2F%2Fcfile167.uf.daum.net%2Fimage%2F115CB1023E4E3DF6A0D1DF,2.17831907772406,111,bhged
43514,7,김승환,http://img1.daumcdn.net/thumb/C216x216/?fname=http%3A%2F%2Fcfile89.uf.daum.net%2Fimage%2F20729B0C49DC53187B7BC3,2.05448121978431,156,ebfde
478743,2,정하윤,http://img1.daumcdn.net/thumb/C216x216/?fname=http%3A%2F%2Fcfile129.uf.daum.net%2Fimage%2F15370A154C74812E16583D,2.23707698029007,58,dehihe
235508,12,홍종현,http://img1.daumcdn.net/thumb/C216x216/?fname=http%3A%2F%2Fcfile128.uf.daum.net%2Fimage%2F176D13184AA4885BCC3C4F,2.01580513201934,253,iaffdc
1587327,1,한영제,http://img1.daumcdn.net/thumb/C216x216/?fname=http%3A%2F%2Fcfile169.uf.daum.net%2Fimage%2F21350638528C5EB52B600F,2.40014875418371,26,hcdhifb
25019,3,반소영,http://img1.daumcdn.net/thumb/C216x216/?fname=http%3A%2F%2Fcfile55.uf.daum.net%2Fimage%2F010FE103ABD3403260622F,2.19914466344366,80,jbafc
21514,10,추헌엽,http://img1.daumcdn.net/thumb/C216x216/?fname=http%3A%2F%2Fcfile68.uf.daum.net%2Fimage%2F2654694B5602427426F48A,1.99181851989587,289,ebfbc
18040,5,경인선,http://img1.daumcdn.net/thumb/C216x216/?fname=http%3A%2F%2Fmovie.daum-img.net%2Fmovie%2Fmovie-photo%2F98%2F59%2F375998%2Fpeople_375998.jpg,2.14429155820007,84,aeaib
167127,1,이훈진,http://img1.daumcdn.net/thumb/C216x216/?fname=http%3A%2F%2Ft1.daumcdn.net%2Fcontentshub%2Fsdb%2F5f7e9109016c422e3f651279731015fa2b5b1c2315465d9bf8684577c1f64454,2.32688731870584,37,hcbhgb
1716669,1,이주영,http://img1.daumcdn.net/thumb/C216x216/?fname=https%3A%2F%2Fsearch1.daumcdn.net%2Fcontent%2Fsdb%2F582BC23A055A830001,2.43919672740796,43,jgggbhb
769784,2,전헌태,http://img1.daumcdn.net/thumb/C216x216/?fname=http%3A%2F%2Fcfile189.uf.daum.net%2Fimage%2F14404210AE05C4C8E5F7CD,2.25957605057642,56,eihjgh
515503,1,케빈,http://img1.daumcdn.net/thumb/C216x216/?fname=http%3A%2F%2Fcfile30.uf.daum.net%2Fimage%2F197B9D3E4F60562232B9AF,2.65712160654518,18,daffbf
23970,1,김필,http://img1.daumcdn.net/thumb/C216x216/?fname=http%3A%2F%2Fcfile127.uf.daum.net%2Fimage%2F14469A0E496FE20B477F98,2.4687616214206,19,ahjdc
131588,1,안다운,http://img1.daumcdn.net/thumb/C216x216/?fname=http%3A%2F%2Fcfile68.uf.daum.net%2Fimage%2F160E46384ECF78A03489B7,2.65024172554853,17,iifbdb
332644,2,최낙희,http://img1.daumcdn.net/thumb/C216x216/?fname=http%3A%2F%2Fcfile128.uf.daum.net%2Fimage%2F116DFA204A2381AD85074F,2.30141316474526,53,eegcdd
476944,11,강소라,http://img1.daumcdn.net/thumb/C216x216/?fname=http%3A%2F%2Fcfile29.uf.daum.net%2Fimage%2F1404AF024C919CBB213DF1,2.00185942729639,264,eejghe
728452,5,김민재,http://img1.daumcdn.net/thumb/C216x216/?fname=http%3A%2F%2Fcfile127.uf.daum.net%2Fimage%2F187FF44E5010CA7514A1F0,2.11993306061733,124,cfeich
1570033,1,최은화,http://img1.daumcdn.net/thumb/C216x216/?fname=http%3A%2F%2Fcfile77.uf.daum.net%2Fimage%2F245B7F4B528BA80C08A1BC,2.47080699144663,20,ddaahfb
246487,1,윤채영,http://img1.daumcdn.net/thumb/C216x216/?fname=http%3A%2F%2Fcfile68.uf.daum.net%2Fimage%2F221F523655B08A4219008A,2.29620676831536,55,hiegec
1987171,4,오상철,http://img1.daumcdn.net/thumb/C216x216/?fname=http%3A%2F%2Fcfile68.uf.daum.net%2Fimage%2F270BCF4457ABDD1A0BE055,2.2097433990331,63,bhbhijb
535525,5,황성웅,http://img1.daumcdn.net/thumb/C216x216/?fname=http%3A%2F%2Fcfile67.uf.daum.net%2Fimage%2F2565B64556DE785916E78E,2.10989215321681,122,fcffdf
924708,27,사무엘 강,http://img1.daumcdn.net/thumb/C216x216/?fname=http%3A%2F%2Fcfile168.uf.daum.net%2Fimage%2F242E7F3D58F4592726E17D,1.8527333581257,820,iahecj
18412,17,윤해영,http://img1.daumcdn.net/thumb/C216x216/?fname=http%3A%2F%2Fcfile67.uf.daum.net%2Fimage%2F2214994A569DF85F022F6D,1.96708813685385,318,cbeib
1437020,5,박은석,http://img1.daumcdn.net/thumb/C216x216/?fname=http%3A%2F%2Fcfile69.uf.daum.net%2Fimage%2F277719365869B649015A43,2.05076236519152,196,acahdeb
774497,2,문창길,http://img1.daumcdn.net/thumb/C216x216/?fname=http%3A%2F%2Fcfile127.uf.daum.net%2Fimage%2F1830BC274A276083490C79,2.24990702863518,54,hjeehh
19778,1,장미,http://img1.daumcdn.net/thumb/C216x216/?fname=http%3A%2F%2Fcfile67.uf.daum.net%2Fimage%2F24448E475950B62B331F02,2.71643733730011,8,ihhjb
18482,1,정철규,http://img1.daumcdn.net/thumb/C216x216/?fname=http%3A%2F%2Fcfile66.uf.daum.net%2Fimage%2F263A5F37566E763708DF7F,2.37095574563035,40,cieib
498743,2,김재일,http://img1.daumcdn.net/thumb/C216x216/?fname=http%3A%2F%2Fcfile66.uf.daum.net%2Fimage%2F205CB1023E951E4DEE721C,2.21643733730011,47,dehije
19355,14,신성우,http://img1.daumcdn.net/thumb/C216x216/?fname=http%3A%2F%2Fcfile27.uf.daum.net%2Fimage%2F1154EE0749746944DA7B1E,2.02342878393455,208,ffdjb
453923,2,조하진,http://img1.daumcdn.net/thumb/C216x216/?fname=http%3A%2F%2Fcfile189.uf.daum.net%2Fimage%2F12013F284A237201C20571,2.2235031610264,71,dcjdfe
25345,8,김민희,http://img1.daumcdn.net/thumb/C216x216/?fname=http%3A%2F%2Fcfile66.uf.daum.net%2Fimage%2F263020415893CF7E0F2F71,2.040721457791,198,fedfc
38646,8,나경민,http://img1.daumcdn.net/thumb/C216x216/?fname=http%3A%2F%2Fcfile66.uf.daum.net%2Fimage%2F2532734056EF748219EEC9,2.0042766827817,241,gegid
859423,1,원재영,http://img1.daumcdn.net/thumb/C216x216/?fname=http%3A%2F%2Fcfile127.uf.daum.net%2Fimage%2F11240F104A0BDAB5046907,2.5667534399405,17,dcejfi
871467,1,차영옥,http://img1.daumcdn.net/thumb/C216x216/?fname=http%3A%2F%2Fcfile4.uf.daum.net%2Fimage%2F030FE103ABD31A1EF6C410,2.41539605801413,20,hgebhi
1700699,5,채수빈,http://img1.daumcdn.net/thumb/C216x216/?fname=https%3A%2F%2Fsearch1.daumcdn.net%2Fcontent%2Fsdb%2F560CE27101611A0001,2.10821866865006,119,jjgaahb
19341,5,박신양,http://img1.daumcdn.net/thumb/C216x216/?fname=https%3A%2F%2Ft1.daumcdn.net%2Fmovie%2F299eadb8ba3c12527c9b957304514e8e3a1cc0c3,2.07735217552994,140,bedjb
688390,6,한승현,http://img1.daumcdn.net/thumb/C216x216/?fname=http%3A%2F%2Fcfile166.uf.daum.net%2Fimage%2F212BE65055E92FBB1A327C,2.07010040907401,150,ajdiig
76214,8,문성혁,http://img1.daumcdn.net/thumb/C216x216/?fname=http%3A%2F%2Fcfile67.uf.daum.net%2Fimage%2F1320C73F4E115037091F24,1.95909259947936,353,ebcgh
2015154,1,송유지,http://img1.daumcdn.net/thumb/C216x216/?fname=http%3A%2F%2Fcfile167.uf.daum.net%2Fimage%2F2502CB395939FA5F3079D1,2.43919672740796,43,efbfbac
781985,6,김정영,http://img1.daumcdn.net/thumb/C216x216/?fname=http%3A%2F%2Fcfile170.uf.daum.net%2Fimage%2F2334BA405949F231352032,2.11732986240238,144,fijbih
174327,1,서승아,http://img1.daumcdn.net/thumb/C216x216/?fname=http%3A%2F%2Ft1.daumcdn.net%2Fcontentshub%2Fsdb%2F094e0bacd1f0d273c59dbc6988d89adfe3d4c407b7aa4eec97d7ea33a4be89ac,2.6117515805132,22,hcdehb
537891,2,박민하,http://img1.daumcdn.net/thumb/C216x216/?fname=http%3A%2F%2Fcfile30.uf.daum.net%2Fimage%2F23493C405289A1783A9794,2.24581628858312,89,bjihdf
2101958,3,정선철,http://img1.daumcdn.net/thumb/C216x216/?fname=http%3A%2F%2Fcfile170.uf.daum.net%2Fimage%2F251F3C435897FC62116AFB,2.10449981405727,137,ifjbabc
1847518,2,이현배,http://img1.daumcdn.net/thumb/C216x216/?fname=http%3A%2F%2Fm1.daumcdn.net%2Fimg-contents%2Fmovie%2Fv2%2Fmobile%2Fm640%2Fimg_default_300x300_150722.png,2.11082186686501,132,ibfheib
713022,4,김미림,http://img1.daumcdn.net/thumb/C216x216/?fname=http%3A%2F%2Fcfile66.uf.daum.net%2Fimage%2F220D134C561C905E20EE4B,2.15470435105987,80,ccadbh
779331,2,반혜라,http://img1.daumcdn.net/thumb/C216x216/?fname=http%3A%2F%2Fcfile69.uf.daum.net%2Fimage%2F1225CD4A4EBB5F8F08D2F0,2.18408330234288,83,bddjhh
39749,3,노윤,http://img1.daumcdn.net/thumb/C216x216/?fname=http%3A%2F%2Fcfile70.uf.daum.net%2Fimage%2F187DEA444EB0988C18A659,2.15098549646709,125,jehjd
256427,3,박재웅,http://img1.daumcdn.net/thumb/C216x216/?fname=http%3A%2F%2Fcfile26.uf.daum.net%2Fimage%2F1720EA504DBE536501D5C6,2.15042766827817,115,hcegfc
25469,1,남궁연,http://img1.daumcdn.net/thumb/C216x216/?fname=http%3A%2F%2Fcfile28.uf.daum.net%2Fimage%2F2572DA4C543343E10C75BC,2.50074377091856,22,jgefc
24677,2,신동,http://img1.daumcdn.net/thumb/C216x216/?fname=http%3A%2F%2Ft1.daumcdn.net%2Fcontentshub%2Fsdb%2Fc06dd3abf7e49232cb97b16f2082196189e6a63e92e90e13eac8638ede4dd422,2.18575678690963,84,hhgec
19136,12,엄수정,http://img1.daumcdn.net/thumb/C216x216/?fname=http%3A%2F%2Fcfile68.uf.daum.net%2Fimage%2F23250D4358819739042186,2.00595016734846,271,gdbjb
18764,3,서인영,http://img1.daumcdn.net/thumb/C216x216/?fname=http%3A%2F%2Fcfile67.uf.daum.net%2Fimage%2F2656743D55C319BC09A1EF,2.19133506879881,100,eghib
2063735,3,김정화,http://img1.daumcdn.net/thumb/C216x216/?fname=http%3A%2F%2Fcfile66.uf.daum.net%2Fimage%2F2142C54557D77AB305ED7C,2.14931201190033,97,fdhdgac
43563,4,양출,http://img1.daumcdn.net/thumb/C216x216/?fname=http%3A%2F%2Fcfile168.uf.daum.net%2Fimage%2F1815824C4E16C68A17C354,2.21420602454444,57,dgfde
31844,3,김보성,http://img1.daumcdn.net/thumb/C216x216/?fname=http%3A%2F%2Fcfile128.uf.daum.net%2Fimage%2F1152D4074977FA2C481036,2.23354406842692,56,eeibd
42706,14,박효주,http://img1.daumcdn.net/thumb/C216x216/?fname=http%3A%2F%2Ft1.daumcdn.net%2Fcontentshub%2Fsdb%2F333d79013474bcf6abb856aa5d83d4e3f66cbb1794427708172c4d34d78bcad2,1.97750092971365,329,gahce
17820,33,이아현,http://img1.daumcdn.net/thumb/C216x216/?fname=http%3A%2F%2Fcfile68.uf.daum.net%2Fimage%2F2667C44D55D1704E1961EC,1.89791744142804,606,acihb
68750,2,핫펠트,http://img1.daumcdn.net/thumb/C216x216/?fname=http%3A%2F%2Ft1.daumcdn.net%2Fcontentshub%2Fsdb%2Fd329863b155dd5823f29741d6ae977cb3633cf79da1756e5d619b8cadf467fb0,2.28002975083674,62,afhig
149807,2,아놀드 홍,http://img1.daumcdn.net/thumb/C216x216/?fname=http%3A%2F%2Fcfile167.uf.daum.net%2Fimage%2F265F8F35573BB599269474,2.20714020081815,86,haijeb
24656,18,유지인,http://img1.daumcdn.net/thumb/C216x216/?fname=http%3A%2F%2Fcfile68.uf.daum.net%2Fimage%2F2546E93D564D676D27409B,1.94756415024173,405,gfgec
61174,10,서영,http://img1.daumcdn.net/thumb/C216x216/?fname=http%3A%2F%2Fcfile189.uf.daum.net%2Fimage%2F135D9E1149A73F223BEED3,2.03346969133507,185,ehbbg
795698,1,오선화,http://img1.daumcdn.net/thumb/C216x216/?fname=http%3A%2F%2Fcfile118.uf.daum.net%2Fimage%2F181455494D09AAB9165BE2,2.24972108590554,67,ijgfjh
17128,12,안상태,http://img1.daumcdn.net/thumb/C216x216/?fname=http%3A%2F%2Fcfile167.uf.daum.net%2Fimage%2F232B3A3D56778924057BA0,1.97936035701004,322,icbhb
541394,1,최수진,http://img1.daumcdn.net/thumb/C216x216/?fname=http%3A%2F%2Fcfile70.uf.daum.net%2Fimage%2F2277953D56B181302D9EC7,2.47936035701004,21,ejdbef
19492,6,최성국,http://img1.daumcdn.net/thumb/C216x216/?fname=http%3A%2F%2Fcfile66.uf.daum.net%2Fimage%2F2206A03C562EF978229F7A,2.07586463369282,158,cjejb
541664,6,수지,http://img1.daumcdn.net/thumb/C216x216/?fname=http%3A%2F%2Fcfile27.uf.daum.net%2Fimage%2F2005E0504D12EB870C670D,2.05057642246188,210,eggbef
476903,6,황승언,http://img1.daumcdn.net/thumb/C216x216/?fname=http%3A%2F%2Fcfile126.uf.daum.net%2Fimage%2F1454A5184BD8E83625FA7F,2.10617329862402,122,dajghe
223347,3,왕석현,http://img1.daumcdn.net/thumb/C216x216/?fname=http%3A%2F%2Fcfile28.uf.daum.net%2Fimage%2F1238B2194A91EFA0017094,2.14838229825214,81,heddcc
35067,1,전태관,http://img1.daumcdn.net/thumb/C216x216/?fname=http%3A%2F%2Fcfile68.uf.daum.net%2Fimage%2F2378F9425615C2FD05774C,2.27593901078468,44,hgafd
770946,1,최윤준,http://img1.daumcdn.net/thumb/C216x216/?fname=http%3A%2F%2Fcfile170.uf.daum.net%2Fimage%2F1741A9465031C74F2409EE,2.22573447378208,61,gejahh
33221,10,차수연,http://img1.daumcdn.net/thumb/C216x216/?fname=http%3A%2F%2Fcfile36.uf.daum.net%2Fimage%2F016EA70248E323194BDCE6,2.0208255857196,199,bccdd
19042,2,이지현,http://img1.daumcdn.net/thumb/C216x216/?fname=http%3A%2F%2Fcfile93.uf.daum.net%2Fimage%2F02505C0248E3183384CB49,2.36444775009297,26,ceajb
19472,1,바다,http://img1.daumcdn.net/thumb/C216x216/?fname=http%3A%2F%2Fcfile68.uf.daum.net%2Fimage%2F2111DB47586B2BBE2EF6DF,2.44626255113425,36,chejb
176947,3,정은별,http://img1.daumcdn.net/thumb/C216x216/?fname=http%3A%2F%2Fcfile30.uf.daum.net%2Fimage%2F144B22364CD3620E3289FE,2.14484938638899,94,hejghb
73072,1,안재홍,http://img1.daumcdn.net/thumb/C216x216/?fname=http%3A%2F%2Fcfile89.uf.daum.net%2Fimage%2F113A0510AE2103577B0649,2.32632949051692,38,chadh
25491,6,김보경,http://img1.daumcdn.net/thumb/C216x216/?fname=http%3A%2F%2Fcfile29.uf.daum.net%2Fimage%2F1162C6194A386C451FAAC8,2.11863146150985,111,bjefc
72859,3,박영서,http://img1.daumcdn.net/thumb/C216x216/?fname=http%3A%2F%2Fcfile89.uf.daum.net%2Fimage%2F124D9611499519456D6EEB,2.04481219784306,181,jfich
95727,1,양승은,http://img1.daumcdn.net/thumb/C216x216/?fname=http%3A%2F%2Fcfile70.uf.daum.net%2Fimage%2F211F5E4A55C80EFB2E4A45,2.56861286723689,12,hchfj
17654,1,박해일,http://img1.daumcdn.net/thumb/C216x216/?fname=http%3A%2F%2Fcfile67.uf.daum.net%2Fimage%2F2125033D55D5926B290811,2.5502045370026,32,efghb
1265907,5,육성재,http://img1.daumcdn.net/thumb/C216x216/?fname=http%3A%2F%2Fcfile27.uf.daum.net%2Fimage%2F2266934452899F562FE67E,2.08795091111938,196,hajfgcb
914314,8,허재호,http://img1.daumcdn.net/thumb/C216x216/?fname=http%3A%2F%2Fcfile27.uf.daum.net%2Fimage%2F1748E53B4D912EFE1B8CFE,2.03774637411677,182,ebdebj
41504,1,강완서,http://img1.daumcdn.net/thumb/C216x216/?fname=http%3A%2F%2Fcfile169.uf.daum.net%2Fimage%2F18765C0B4CA563F8195C21,2.29769431015247,44,eafbe
17882,4,김국진,http://img1.daumcdn.net/thumb/C216x216/?fname=http%3A%2F%2Fimg.search.daum-img.net%2Ftvppthumb%2F2082.gif,2.18873187058386,87,ciihb
72855,1,한태일,http://img1.daumcdn.net/thumb/C216x216/?fname=http%3A%2F%2Fcfile170.uf.daum.net%2Fimage%2F222CC9405668E66A3C1923,2.46690219412421,15,ffich
480124,3,박란,http://img1.daumcdn.net/thumb/C216x216/?fname=http%3A%2F%2Fcfile25.uf.daum.net%2Fimage%2F030B920148E31BD2001A3F,2.24079583488286,64,ecbaie
18214,29,최민,http://img1.daumcdn.net/thumb/C216x216/?fname=http%3A%2F%2Fcfile70.uf.daum.net%2Fimage%2F214DDC345657A6023021B0,1.86872443287467,764,ebcib
688826,1,파이브돌스,http://img1.daumcdn.net/thumb/C216x216/?fname=http%3A%2F%2Fcfile127.uf.daum.net%2Fimage%2F20304F494DBE0E993480F4,2.3683525474154,52,gciiig
487923,4,전효성,http://img1.daumcdn.net/thumb/C216x216/?fname=http%3A%2F%2Fcfile29.uf.daum.net%2Fimage%2F27709050538BD5A8263AC6,2.18928969877278,87,dcjhie
697991,1,안성현,http://img1.daumcdn.net/thumb/C216x216/?fname=http%3A%2F%2Fcfile27.uf.daum.net%2Fimage%2F1202E1264C7F11C4A71252,2.96597248047601,4,bjjhjg
119787,1,근휘,http://img1.daumcdn.net/thumb/C216x216/?fname=http%3A%2F%2Fcfile69.uf.daum.net%2Fimage%2F135CB1023E824BBD41C72F,2.81759018222388,13,hihjbb
516123,2,최문수,http://img1.daumcdn.net/thumb/C216x216/?fname=http%3A%2F%2Fcfile166.uf.daum.net%2Fimage%2F2406BC3C56FDCC26022199,2.22145779100037,64,dcbgbf
24726,3,김윤석,http://img1.daumcdn.net/thumb/C216x216/?fname=http%3A%2F%2Fcfile67.uf.daum.net%2Fimage%2F2626303B57397AB338B5B8,2.162885831164,64,gchec
1705053,2,이홍선,http://img1.daumcdn.net/thumb/C216x216/?fname=http%3A%2F%2Fcfile168.uf.daum.net%2Fimage%2F240C564C55F13AC814C74E,2.19579769431015,69,dfafahb
153307,2,제이니,http://img1.daumcdn.net/thumb/C216x216/?fname=http%3A%2F%2Fcfile66.uf.daum.net%2Fimage%2F2624093757EDD46639689A,2.23168464113053,98,haddfb
23334,15,김진근,http://img1.daumcdn.net/thumb/C216x216/?fname=http%3A%2F%2Fcfile67.uf.daum.net%2Fimage%2F2673643D5629B30930BA23,1.95518780215694,364,edddc
74692,1,진광운,http://img1.daumcdn.net/thumb/C216x216/?fname=http%3A%2F%2Fcfile130.uf.daum.net%2Fimage%2F1224FE10495867C1C57B50,2.45946448493864,25,cjgeh
19088,23,이종수,http://img1.daumcdn.net/thumb/C216x216/?fname=http%3A%2F%2Fcfile127.uf.daum.net%2Fimage%2F1847F2274A30D8F7AA1049,1.91502417255485,542,iiajb
37662,1,정인지,http://img1.daumcdn.net/thumb/C216x216/?fname=http%3A%2F%2Fcfile130.uf.daum.net%2Fimage%2F1957C1194A38700F4312CF,2.6117515805132,22,cgghd
26245,2,박용식,http://img1.daumcdn.net/thumb/C216x216/?fname=http%3A%2F%2Fcfile129.uf.daum.net%2Fimage%2F140BD9104951E34D87640C,2.12104871699517,142,fecgc
491503,2,신태훈,http://img1.daumcdn.net/thumb/C216x216/?fname=http%3A%2F%2Fcfile189.uf.daum.net%2Fimage%2F1124C31349A3480041A817,2.15656377835627,94,dafbje
173829,1,두수,http://img1.daumcdn.net/thumb/C216x216/?fname=http%3A%2F%2Fcfile66.uf.daum.net%2Fimage%2F175CB1023E87F499DD53CE,2.50446262551134,40,jcidhb
19086,13,이승연,http://img1.daumcdn.net/thumb/C216x216/?fname=http%3A%2F%2Fcfile68.uf.daum.net%2Fimage%2F2710C83655D18E302B0F4B,1.99702491632577,260,giajb
1531588,3,성유빈,http://img1.daumcdn.net/thumb/C216x216/?fname=http%3A%2F%2Fcfile68.uf.daum.net%2Fimage%2F2339F34C59424461165224,2.25083674228338,89,iifbdfb
17783,9,김채연,http://img1.daumcdn.net/thumb/C216x216/?fname=http%3A%2F%2Fcfile166.uf.daum.net%2Fimage%2F2721444A55F6564F336666,2.04239494235775,194,dihhb
67205,15,이상훈,http://img1.daumcdn.net/thumb/C216x216/?fname=http%3A%2F%2Fcfile70.uf.daum.net%2Fimage%2F24702B4F55C9AB3504AC51,1.94087021197471,411,fachg
64517,1,최인경,http://img1.daumcdn.net/thumb/C216x216/?fname=http%3A%2F%2Fcfile89.uf.daum.net%2Fimage%2F155D6D0C498F98199A1D10,2.50111565637784,18,hbfeg
69982,10,정다혜,http://img1.daumcdn.net/thumb/C216x216/?fname=http%3A%2F%2Fcfile67.uf.daum.net%2Fimage%2F183013334ECF50B62C780D,2.01264410561547,222,cijjg
68990,2,이재훈,http://img1.daumcdn.net/thumb/C216x216/?fname=http%3A%2F%2Fcfile109.uf.daum.net%2Fimage%2F0223D301488966F119C04A,2.28876905912979,43,ajjig
42938,5,신신애,http://img1.daumcdn.net/thumb/C216x216/?fname=http%3A%2F%2Fcfile196.uf.daum.net%2Fimage%2F010FE103ABD29596A98AA5,2.11509854964671,106,idjce
75358,9,오지은,http://img1.daumcdn.net/thumb/C216x216/?fname=http%3A%2F%2Fcfile68.uf.daum.net%2Fimage%2F234D3337AA98A12D1CDE4C,1.98177761249535,291,ifdfh
891954,22,소희정,http://img1.daumcdn.net/thumb/C216x216/?fname=http%3A%2F%2Fcfile69.uf.daum.net%2Fimage%2F213CA9485796E4FE10622A,1.90368166604686,605,efjbji
739370,2,서세권,http://img1.daumcdn.net/thumb/C216x216/?fname=http%3A%2F%2Fcfile17.uf.daum.net%2Fimage%2F152B9B364CA95AAC03B855,2.4393826701376,23,ahdjdh
66305,1,홍석유,http://img1.daumcdn.net/thumb/C216x216/?fname=http%3A%2F%2Fcfile168.uf.daum.net%2Fimage%2F11227B504EB8D90710C313,2.38025288211231,24,fadgg
688380,2,김태환,http://img1.daumcdn.net/thumb/C216x216/?fname=http%3A%2F%2Fcfile28.uf.daum.net%2Fimage%2F11297B144CFD8CC11BC2CA,2.29434734101897,45,aidiig
757126,2,노승범,http://img1.daumcdn.net/thumb/C216x216/?fname=http%3A%2F%2Fcfile66.uf.daum.net%2Fimage%2F17609F434DD634AF0B252D,2.47712904425437,23,gcbhfh
487963,1,전보영,http://img1.daumcdn.net/thumb/C216x216/?fname=http%3A%2F%2Fcfile26.uf.daum.net%2Fimage%2F144758174ADFE86F5BB1A2,2.46058014131647,29,dgjhie
